"anio","sector","tamano_empresa","workers","mean_income","worker_share","year","sector_chr","sector_label_en","sector_label_es"
2008,"Actividades financieras y de seguros","Solo",7576.02543056921,18277.8261112349,0.0769910169175659,"2008","Actividades financieras y de seguros","K - Finance and insurance","K - Finanzas y seguros"
2008,"Actividades financieras y de seguros","2-3",3833.98621168838,15603.9408240229,0.0389627120435414,"2008","Actividades financieras y de seguros","K - Finance and insurance","K - Finanzas y seguros"
2008,"Actividades financieras y de seguros","4-5",2516.51893408029,10812.8007738371,0.0255740102251206,"2008","Actividades financieras y de seguros","K - Finance and insurance","K - Finanzas y seguros"
2008,"Actividades financieras y de seguros","6-10",4144.56131492541,9126.97458282729,0.0421189175297339,"2008","Actividades financieras y de seguros","K - Finance and insurance","K - Finanzas y seguros"
2008,"Actividades financieras y de seguros","11-19",2389.22636867117,9195.98456268551,0.0242804052673878,"2008","Actividades financieras y de seguros","K - Finance and insurance","K - Finanzas y seguros"
2008,"Actividades financieras y de seguros","20-30",4551.98585479886,26295.7776699024,0.0462593510498564,"2008","Actividades financieras y de seguros","K - Finance and insurance","K - Finanzas y seguros"
2008,"Actividades financieras y de seguros","31-50",2337.94329997901,10765.4951829638,0.0237592433935996,"2008","Actividades financieras y de seguros","K - Finance and insurance","K - Finanzas y seguros"
2008,"Actividades financieras y de seguros","51-100",5920.62128011247,19270.9497831686,0.0601680468627191,"2008","Actividades financieras y de seguros","K - Finance and insurance","K - Finanzas y seguros"
2008,"Actividades financieras y de seguros","101+",65130.551807009,16828.4959002827,0.661886296710475,"2008","Actividades financieras y de seguros","K - Finance and insurance","K - Finanzas y seguros"
2008,"Administración pública y defensa","Solo",3243.72742712724,11927.7647738875,0.0140758574631369,"2008","Administración pública y defensa","O - Public administration","O - Administracion publica"
2008,"Administración pública y defensa","2-3",2631.02603913202,6369.04966654518,0.0114170960232076,"2008","Administración pública y defensa","O - Public administration","O - Administracion publica"
2008,"Administración pública y defensa","4-5",917.959954973361,12067.7438309361,0.0039834029749275,"2008","Administración pública y defensa","O - Public administration","O - Administracion publica"
2008,"Administración pública y defensa","6-10",3088.19768561157,13647.0973766297,0.0134009504242332,"2008","Administración pública y defensa","O - Public administration","O - Administracion publica"
2008,"Administración pública y defensa","11-19",3020.35815693003,10958.3502265225,0.0131065670157809,"2008","Administración pública y defensa","O - Public administration","O - Administracion publica"
2008,"Administración pública y defensa","20-30",5357.227923666,12404.8719840264,0.023247198892369,"2008","Administración pública y defensa","O - Public administration","O - Administracion publica"
2008,"Administración pública y defensa","31-50",7796.15286736949,9963.23073674395,0.0338306898428596,"2008","Administración pública y defensa","O - Public administration","O - Administracion publica"
2008,"Administración pública y defensa","51-100",6819.81983748525,36365.9396193068,0.0295939822667936,"2008","Administración pública y defensa","O - Public administration","O - Administracion publica"
2008,"Administración pública y defensa","101+",197571.699062045,16097.7485317344,0.857344255096692,"2008","Administración pública y defensa","O - Public administration","O - Administracion publica"
2008,"Agricultura, ganadería, silvicultura y pesca","Solo",501030.110527002,3591.50302813616,0.368646433913739,"2008","Agricultura, ganadería, silvicultura y pesca","A - Agriculture","A - Agro y pesca"
2008,"Agricultura, ganadería, silvicultura y pesca","2-3",441585.580869193,5098.23751974566,0.324908515945134,"2008","Agricultura, ganadería, silvicultura y pesca","A - Agriculture","A - Agro y pesca"
2008,"Agricultura, ganadería, silvicultura y pesca","4-5",154247.781629348,5553.86597643451,0.113491970725979,"2008","Agricultura, ganadería, silvicultura y pesca","A - Agriculture","A - Agro y pesca"
2008,"Agricultura, ganadería, silvicultura y pesca","6-10",85541.5152111561,5612.3503551457,0.0629394798268736,"2008","Agricultura, ganadería, silvicultura y pesca","A - Agriculture","A - Agro y pesca"
2008,"Agricultura, ganadería, silvicultura y pesca","11-19",32280.7737060164,7118.04585389801,0.0237514509820223,"2008","Agricultura, ganadería, silvicultura y pesca","A - Agriculture","A - Agro y pesca"
2008,"Agricultura, ganadería, silvicultura y pesca","20-30",27468.4129569262,5706.50648075951,0.0202106266052348,"2008","Agricultura, ganadería, silvicultura y pesca","A - Agriculture","A - Agro y pesca"
2008,"Agricultura, ganadería, silvicultura y pesca","31-50",16948.2663426166,4638.99443127041,0.0124701446419139,"2008","Agricultura, ganadería, silvicultura y pesca","A - Agriculture","A - Agro y pesca"
2008,"Agricultura, ganadería, silvicultura y pesca","51-100",22534.399312755,6255.04360734946,0.0165802928257096,"2008","Agricultura, ganadería, silvicultura y pesca","A - Agriculture","A - Agro y pesca"
2008,"Agricultura, ganadería, silvicultura y pesca","101+",77470.5979947403,6735.37102646598,0.0570010845333948,"2008","Agricultura, ganadería, silvicultura y pesca","A - Agriculture","A - Agro y pesca"
2008,"Alojamiento y servicios de comida","Solo",87315.6934459661,4756.03453154386,0.239193208356024,"2008","Alojamiento y servicios de comida","I - Accommodation and food","I - Alojamiento y comida"
2008,"Alojamiento y servicios de comida","2-3",107799.018173934,6405.36178688672,0.295305368336897,"2008","Alojamiento y servicios de comida","I - Accommodation and food","I - Alojamiento y comida"
2008,"Alojamiento y servicios de comida","4-5",62961.8875782123,6077.02656162973,0.172478225844974,"2008","Alojamiento y servicios de comida","I - Accommodation and food","I - Alojamiento y comida"
2008,"Alojamiento y servicios de comida","6-10",46677.1357661561,6250.41768111636,0.127867665251789,"2008","Alojamiento y servicios de comida","I - Accommodation and food","I - Alojamiento y comida"
2008,"Alojamiento y servicios de comida","11-19",16949.994721889,6892.34597658162,0.0464329315743826,"2008","Alojamiento y servicios de comida","I - Accommodation and food","I - Alojamiento y comida"
2008,"Alojamiento y servicios de comida","20-30",11561.8002087624,8410.15262292818,0.0316724746395861,"2008","Alojamiento y servicios de comida","I - Accommodation and food","I - Alojamiento y comida"
2008,"Alojamiento y servicios de comida","31-50",6616.25624843729,8832.36229452073,0.0181246176593518,"2008","Alojamiento y servicios de comida","I - Accommodation and food","I - Alojamiento y comida"
2008,"Alojamiento y servicios de comida","51-100",5373.59391447517,7302.21355315344,0.0147204599549006,"2008","Alojamiento y servicios de comida","I - Accommodation and food","I - Alojamiento y comida"
2008,"Alojamiento y servicios de comida","101+",19787.1478888734,7667.99650594514,0.0542050483820947,"2008","Alojamiento y servicios de comida","I - Accommodation and food","I - Alojamiento y comida"
2008,"Artes, recreación y otros servicios","Solo",215227.353647537,5294.48160793464,0.546805560184305,"2008","Artes, recreación y otros servicios","R/S - Arts and other services","R/S - Arte y otros servicios"
2008,"Artes, recreación y otros servicios","2-3",55956.115627093,6628.11588326836,0.142161833208789,"2008","Artes, recreación y otros servicios","R/S - Arts and other services","R/S - Arte y otros servicios"
2008,"Artes, recreación y otros servicios","4-5",16943.9646737602,9768.37310307372,0.043047753634286,"2008","Artes, recreación y otros servicios","R/S - Arts and other services","R/S - Arte y otros servicios"
2008,"Artes, recreación y otros servicios","6-10",18033.6886528254,10169.7240365226,0.0458163010364662,"2008","Artes, recreación y otros servicios","R/S - Arts and other services","R/S - Arte y otros servicios"
2008,"Artes, recreación y otros servicios","11-19",10892.0223859152,13631.1374063965,0.0276722187088903,"2008","Artes, recreación y otros servicios","R/S - Arts and other services","R/S - Arte y otros servicios"
2008,"Artes, recreación y otros servicios","20-30",8853.34425699724,7718.72554780584,0.0224927630429343,"2008","Artes, recreación y otros servicios","R/S - Arts and other services","R/S - Arte y otros servicios"
2008,"Artes, recreación y otros servicios","31-50",9483.90310734344,30130.8970597745,0.0240947577687411,"2008","Artes, recreación y otros servicios","R/S - Arts and other services","R/S - Arte y otros servicios"
2008,"Artes, recreación y otros servicios","51-100",8479.84223174134,7818.8618267899,0.0215438456275184,"2008","Artes, recreación y otros servicios","R/S - Arts and other services","R/S - Arte y otros servicios"
2008,"Artes, recreación y otros servicios","101+",49738.3336526205,11981.6421823923,0.126364966788069,"2008","Artes, recreación y otros servicios","R/S - Arts and other services","R/S - Arte y otros servicios"
2008,"Comercio y reparación","Solo",723925.941923041,5745.40068592513,0.446802944546238,"2008","Comercio y reparación","G - Commerce","G - Comercio"
2008,"Comercio y reparación","2-3",388746.829843373,6247.4605732667,0.239932316551103,"2008","Comercio y reparación","G - Commerce","G - Comercio"
2008,"Comercio y reparación","4-5",128130.484802163,9034.57717099482,0.0790814012600054,"2008","Comercio y reparación","G - Commerce","G - Comercio"
2008,"Comercio y reparación","6-10",92763.4545642273,7150.05358878231,0.0572530727873599,"2008","Comercio y reparación","G - Commerce","G - Comercio"
2008,"Comercio y reparación","11-19",51113.9835445317,7108.71818795507,0.0315472578514289,"2008","Comercio y reparación","G - Commerce","G - Comercio"
2008,"Comercio y reparación","20-30",43933.0350375699,8753.83413396025,0.0271152175670009,"2008","Comercio y reparación","G - Commerce","G - Comercio"
2008,"Comercio y reparación","31-50",30433.3310882581,7610.98231609907,0.0187832776187897,"2008","Comercio y reparación","G - Commerce","G - Comercio"
2008,"Comercio y reparación","51-100",28603.6694783216,8658.41519495868,0.0176540209538452,"2008","Comercio y reparación","G - Commerce","G - Comercio"
2008,"Comercio y reparación","101+",132584.657061904,8643.01069747195,0.0818304908642294,"2008","Comercio y reparación","G - Commerce","G - Comercio"
2008,"Construcción","Solo",123560.657665767,5531.64902524533,0.295419703558617,"2008","Construcción","F - Construction","F - Construccion"
2008,"Construcción","2-3",118236.033284756,4964.85559923812,0.282689122596073,"2008","Construcción","F - Construction","F - Construccion"
2008,"Construcción","4-5",48597.7953745519,6040.73750759671,0.116191889670801,"2008","Construcción","F - Construction","F - Construccion"
2008,"Construcción","6-10",32463.6949231941,7485.87958013142,0.0776170612216195,"2008","Construcción","F - Construction","F - Construccion"
2008,"Construcción","11-19",16480.9229304507,7712.28338704578,0.0394040421802892,"2008","Construcción","F - Construction","F - Construccion"
2008,"Construcción","20-30",20308.6010283325,7210.56718154975,0.0485555921182381,"2008","Construcción","F - Construction","F - Construccion"
2008,"Construcción","31-50",12997.8972661717,9735.1630699145,0.0310765176375525,"2008","Construcción","F - Construction","F - Construccion"
2008,"Construcción","51-100",13162.5979683374,8491.59020456011,0.031470298583113,"2008","Construcción","F - Construction","F - Construccion"
2008,"Construcción","101+",32446.4256966375,9666.62390145076,0.0775757724336959,"2008","Construcción","F - Construction","F - Construccion"
2008,"Educación","Solo",22482.9496497401,13721.7447750673,0.0614147383345794,"2008","Educación","P - Education","P - Educacion"
2008,"Educación","2-3",9294.95533746748,6809.55478614377,0.0253902294305395,"2008","Educación","P - Education","P - Educacion"
2008,"Educación","4-5",8565.8501140902,7076.64479235311,0.0233985954496927,"2008","Educación","P - Education","P - Educacion"
2008,"Educación","6-10",15794.7762744148,9041.7969334763,0.0431452308108347,"2008","Educación","P - Education","P - Educacion"
2008,"Educación","11-19",20958.6405316335,11091.0534247854,0.0572509143218077,"2008","Educación","P - Education","P - Educacion"
2008,"Educación","20-30",25220.0346960357,12329.2141518818,0.0688913979604966,"2008","Educación","P - Education","P - Educacion"
2008,"Educación","31-50",21169.8245165437,14910.3398379741,0.0578277874356902,"2008","Educación","P - Education","P - Educacion"
2008,"Educación","51-100",24159.4618785457,15357.3207377114,0.0659943224839401,"2008","Educación","P - Education","P - Educacion"
2008,"Educación","101+",218437.45133515,19413.4813279995,0.596686783772419,"2008","Educación","P - Education","P - Educacion"
2008,"Electricidad, gas, agua y saneamiento","Solo",1104.11215832354,5324.61510852367,0.0236273491573443,"2008","Electricidad, gas, agua y saneamiento","D/E - Utilities and water","D/E - Servicios publicos y agua"
2008,"Electricidad, gas, agua y saneamiento","2-3",1492.68162316528,3535.25610218585,0.031942506588124,"2008","Electricidad, gas, agua y saneamiento","D/E - Utilities and water","D/E - Servicios publicos y agua"
2008,"Electricidad, gas, agua y saneamiento","4-5",468.192025730202,6043.00993478066,0.0100190332849955,"2008","Electricidad, gas, agua y saneamiento","D/E - Utilities and water","D/E - Servicios publicos y agua"
2008,"Electricidad, gas, agua y saneamiento","6-10",1204.42070001688,6924.10343360137,0.0257738928034637,"2008","Electricidad, gas, agua y saneamiento","D/E - Utilities and water","D/E - Servicios publicos y agua"
2008,"Electricidad, gas, agua y saneamiento","11-19",2987.54026612705,8307.77802149295,0.0639316001162307,"2008","Electricidad, gas, agua y saneamiento","D/E - Utilities and water","D/E - Servicios publicos y agua"
2008,"Electricidad, gas, agua y saneamiento","20-30",2421.69803004551,6625.71641797036,0.0518229099083711,"2008","Electricidad, gas, agua y saneamiento","D/E - Utilities and water","D/E - Servicios publicos y agua"
2008,"Electricidad, gas, agua y saneamiento","31-50",2397.29600028425,6700.04445575575,0.0513007208599391,"2008","Electricidad, gas, agua y saneamiento","D/E - Utilities and water","D/E - Servicios publicos y agua"
2008,"Electricidad, gas, agua y saneamiento","51-100",2376.83162620564,7209.76364612359,0.0508627953213091,"2008","Electricidad, gas, agua y saneamiento","D/E - Utilities and water","D/E - Servicios publicos y agua"
2008,"Electricidad, gas, agua y saneamiento","101+",32277.4871083512,13614.1638920324,0.690719191960222,"2008","Electricidad, gas, agua y saneamiento","D/E - Utilities and water","D/E - Servicios publicos y agua"
2008,"Hogares como empleadores","Solo",254696.353543144,4217.32787566325,0.866208507204391,"2008","Hogares como empleadores","T - Household employers","T - Hogares empleadores"
2008,"Hogares como empleadores","2-3",35445.2718536931,4856.15581781164,0.120547450298068,"2008","Hogares como empleadores","T - Household employers","T - Hogares empleadores"
2008,"Hogares como empleadores","4-5",1892.76050286243,4780.69672719092,0.00643717598179972,"2008","Hogares como empleadores","T - Household employers","T - Hogares empleadores"
2008,"Hogares como empleadores","6-10",1689.62791056197,4363.54297129863,0.00574633303452787,"2008","Hogares como empleadores","T - Household employers","T - Hogares empleadores"
2008,"Hogares como empleadores","11-19",23.723814412115,5593.63749908162,0.0000806834082280299,"2008","Hogares como empleadores","T - Household employers","T - Hogares empleadores"
2008,"Hogares como empleadores","20-30",52.9101211464137,2181.79814201222,0.000179944457062967,"2008","Hogares como empleadores","T - Household employers","T - Hogares empleadores"
2008,"Hogares como empleadores","31-50",17.8727602013297,5679.29007328631,0.0000607842896776823,"2008","Hogares como empleadores","T - Household employers","T - Hogares empleadores"
2008,"Hogares como empleadores","101+",217.328166434429,10068.5474983469,0.000739121326245236,"2008","Hogares como empleadores","T - Household employers","T - Hogares empleadores"
2008,"Industrias manufactureras","Solo",248592.641981553,4651.88664860376,0.233267434561008,"2008","Industrias manufactureras","C - Manufacturing","C - Manufactura"
2008,"Industrias manufactureras","2-3",154686.815699563,6921.9459009834,0.145150702655656,"2008","Industrias manufactureras","C - Manufacturing","C - Manufactura"
2008,"Industrias manufactureras","4-5",90389.475948151,6851.70872181602,0.0848171570874722,"2008","Industrias manufactureras","C - Manufacturing","C - Manufactura"
2008,"Industrias manufactureras","6-10",91251.0611227465,7293.65670357819,0.0856256273693424,"2008","Industrias manufactureras","C - Manufacturing","C - Manufactura"
2008,"Industrias manufactureras","11-19",53266.4267745583,6733.62657274675,0.0499826649046798,"2008","Industrias manufactureras","C - Manufacturing","C - Manufactura"
2008,"Industrias manufactureras","20-30",52269.596654534,7575.05582694307,0.0490472872404911,"2008","Industrias manufactureras","C - Manufacturing","C - Manufactura"
2008,"Industrias manufactureras","31-50",49845.4868136376,8403.38842430377,0.0467726186132436,"2008","Industrias manufactureras","C - Manufacturing","C - Manufactura"
2008,"Industrias manufactureras","51-100",54348.3040964305,8892.28998084167,0.0509978467916867,"2008","Industrias manufactureras","C - Manufacturing","C - Manufactura"
2008,"Industrias manufactureras","101+",271048.205933452,11015.3147925186,0.25433866077642,"2008","Industrias manufactureras","C - Manufacturing","C - Manufactura"
2008,"Información y comunicaciones","Solo",67022.5838352775,4307.59198029192,0.349453045409405,"2008","Información y comunicaciones","J - Information and communication","J - Informacion y comunicaciones"
2008,"Información y comunicaciones","2-3",38659.6982526956,5399.30569967953,0.201570105417247,"2008","Información y comunicaciones","J - Information and communication","J - Informacion y comunicaciones"
2008,"Información y comunicaciones","4-5",5742.40859460988,8738.22805702664,0.0299406865050663,"2008","Información y comunicaciones","J - Information and communication","J - Informacion y comunicaciones"
2008,"Información y comunicaciones","6-10",5243.22977607954,10918.787353232,0.0273379883045907,"2008","Información y comunicaciones","J - Information and communication","J - Informacion y comunicaciones"
2008,"Información y comunicaciones","11-19",5566.48692956318,7800.34136416058,0.029023438048111,"2008","Información y comunicaciones","J - Information and communication","J - Informacion y comunicaciones"
2008,"Información y comunicaciones","20-30",5076.33318421134,7750.98042663512,0.0264677962147105,"2008","Información y comunicaciones","J - Information and communication","J - Informacion y comunicaciones"
2008,"Información y comunicaciones","31-50",4472.95359699156,22625.5524889718,0.0233217994144373,"2008","Información y comunicaciones","J - Information and communication","J - Informacion y comunicaciones"
2008,"Información y comunicaciones","51-100",6280.18837448267,9728.79296569466,0.0327446485590811,"2008","Información y comunicaciones","J - Information and communication","J - Informacion y comunicaciones"
2008,"Información y comunicaciones","101+",53728.934018201,12350.3664046856,0.280140492127352,"2008","Información y comunicaciones","J - Information and communication","J - Informacion y comunicaciones"
2008,"Inmobiliarias, profesionales y administrativas","Solo",181857.275648731,11275.2204576954,0.387345413272777,"2008","Inmobiliarias, profesionales y administrativas","L/M/N - Business services","L/M/N - Servicios empresariales"
2008,"Inmobiliarias, profesionales y administrativas","2-3",59878.0160122141,10947.2490944446,0.12753668928267,"2008","Inmobiliarias, profesionales y administrativas","L/M/N - Business services","L/M/N - Servicios empresariales"
2008,"Inmobiliarias, profesionales y administrativas","4-5",30345.4572224128,10690.1290245145,0.0646340578172458,"2008","Inmobiliarias, profesionales y administrativas","L/M/N - Business services","L/M/N - Servicios empresariales"
2008,"Inmobiliarias, profesionales y administrativas","6-10",36827.892561649,10220.4131284864,0.0784412678204383,"2008","Inmobiliarias, profesionales y administrativas","L/M/N - Business services","L/M/N - Servicios empresariales"
2008,"Inmobiliarias, profesionales y administrativas","11-19",23131.920911306,15276.821588681,0.049269645293103,"2008","Inmobiliarias, profesionales y administrativas","L/M/N - Business services","L/M/N - Servicios empresariales"
2008,"Inmobiliarias, profesionales y administrativas","20-30",20530.0043958096,10664.0785940713,0.0437277145432828,"2008","Inmobiliarias, profesionales y administrativas","L/M/N - Business services","L/M/N - Servicios empresariales"
2008,"Inmobiliarias, profesionales y administrativas","31-50",17354.543814439,10533.2290498037,0.0369641683126759,"2008","Inmobiliarias, profesionales y administrativas","L/M/N - Business services","L/M/N - Servicios empresariales"
2008,"Inmobiliarias, profesionales y administrativas","51-100",22747.9720302332,13435.8227373607,0.0484518565217478,"2008","Inmobiliarias, profesionales y administrativas","L/M/N - Business services","L/M/N - Servicios empresariales"
2008,"Inmobiliarias, profesionales y administrativas","101+",76823.3136872711,10805.7041021881,0.16362918713606,"2008","Inmobiliarias, profesionales y administrativas","L/M/N - Business services","L/M/N - Servicios empresariales"
2008,"Minas y canteras","Solo",23295.2454786451,3191.33632699407,0.241829352476324,"2008","Minas y canteras","B - Mining","B - Minas"
2008,"Minas y canteras","2-3",7194.50103013568,4105.82551293842,0.0746865503994315,"2008","Minas y canteras","B - Mining","B - Minas"
2008,"Minas y canteras","4-5",4994.15209846073,5640.24232499038,0.0518445950374795,"2008","Minas y canteras","B - Mining","B - Minas"
2008,"Minas y canteras","6-10",8767.21399740812,6956.41301647964,0.0910129788483294,"2008","Minas y canteras","B - Mining","B - Minas"
2008,"Minas y canteras","11-19",4941.98329756971,5930.32071979082,0.051303027559665,"2008","Minas y canteras","B - Mining","B - Minas"
2008,"Minas y canteras","20-30",5130.10158752461,8443.77244557181,0.0532558949072294,"2008","Minas y canteras","B - Mining","B - Minas"
2008,"Minas y canteras","31-50",4347.59621703061,8869.47733159318,0.0451326593212692,"2008","Minas y canteras","B - Mining","B - Minas"
2008,"Minas y canteras","51-100",7879.21332880085,8252.97864859689,0.0817945901910947,"2008","Minas y canteras","B - Mining","B - Minas"
2008,"Minas y canteras","101+",29779.2649907632,17139.5802511677,0.309140351259178,"2008","Minas y canteras","B - Mining","B - Minas"
2008,"Organizaciones extraterritoriales","6-10",54.6449169431732,5244.03515538903,0.106723898223757,"2008","Organizaciones extraterritoriales","U - Extraterritorial orgs.","U - Org. extraterritoriales"
2008,"Organizaciones extraterritoriales","20-30",10.0893687714238,50342.7374917346,0.0197049757989962,"2008","Organizaciones extraterritoriales","U - Extraterritorial orgs.","U - Org. extraterritoriales"
2008,"Organizaciones extraterritoriales","51-100",115.279878501359,134247.299977959,0.225146613969976,"2008","Organizaciones extraterritoriales","U - Extraterritorial orgs.","U - Org. extraterritoriales"
2008,"Organizaciones extraterritoriales","101+",332.007209184452,39219.1334359431,0.648424512007271,"2008","Organizaciones extraterritoriales","U - Extraterritorial orgs.","U - Org. extraterritoriales"
2008,"Salud y asistencia social","Solo",62018.1747193717,8196.82762803213,0.203354876796919,"2008","Salud y asistencia social","Q - Health","Q - Salud"
2008,"Salud y asistencia social","2-3",27594.6186593294,16990.7443407765,0.0904815451779672,"2008","Salud y asistencia social","Q - Health","Q - Salud"
2008,"Salud y asistencia social","4-5",5674.80964027955,9336.32572550043,0.0186074520971763,"2008","Salud y asistencia social","Q - Health","Q - Salud"
2008,"Salud y asistencia social","6-10",11007.7644557502,12055.0006223155,0.0360939772064814,"2008","Salud y asistencia social","Q - Health","Q - Salud"
2008,"Salud y asistencia social","11-19",11580.9298981671,11830.6139123285,0.0379733615716993,"2008","Salud y asistencia social","Q - Health","Q - Salud"
2008,"Salud y asistencia social","20-30",13929.5554677351,9622.812066577,0.0456744018796853,"2008","Salud y asistencia social","Q - Health","Q - Salud"
2008,"Salud y asistencia social","31-50",11235.4811345969,11773.1655460981,0.0368406502161439,"2008","Salud y asistencia social","Q - Health","Q - Salud"
2008,"Salud y asistencia social","51-100",17793.9978796307,11170.3848395728,0.0583457391790454,"2008","Salud y asistencia social","Q - Health","Q - Salud"
2008,"Salud y asistencia social","101+",144139.772240166,13282.4516818566,0.472627995874882,"2008","Salud y asistencia social","Q - Health","Q - Salud"
2008,"Transporte y almacenamiento","Solo",296871.065742687,4967.70600576523,0.58295238666523,"2008","Transporte y almacenamiento","H - Transport","H - Transporte"
2008,"Transporte y almacenamiento","2-3",80440.0220659293,6681.62529418161,0.15795646075991,"2008","Transporte y almacenamiento","H - Transport","H - Transporte"
2008,"Transporte y almacenamiento","4-5",9019.03905146131,10816.3519596612,0.0177102821634809,"2008","Transporte y almacenamiento","H - Transport","H - Transporte"
2008,"Transporte y almacenamiento","6-10",11041.935135768,9022.63702972596,0.021682552406026,"2008","Transporte y almacenamiento","H - Transport","H - Transporte"
2008,"Transporte y almacenamiento","11-19",7543.32574408689,8959.01881206175,0.0148124901795589,"2008","Transporte y almacenamiento","H - Transport","H - Transporte"
2008,"Transporte y almacenamiento","20-30",10577.6659562513,9154.80016188431,0.02077088785705,"2008","Transporte y almacenamiento","H - Transport","H - Transporte"
2008,"Transporte y almacenamiento","31-50",8716.13482857972,10538.6737046474,0.0171154827369418,"2008","Transporte y almacenamiento","H - Transport","H - Transporte"
2008,"Transporte y almacenamiento","51-100",13186.5389092384,7145.98885047487,0.0258938145749011,"2008","Transporte y almacenamiento","H - Transport","H - Transporte"
2008,"Transporte y almacenamiento","101+",71858.6688657255,8176.89851616397,0.141105642656902,"2008","Transporte y almacenamiento","H - Transport","H - Transporte"
2025,"Actividades financieras y de seguros","Solo",20953.0759371105,16079.9632558045,0.0498073163602947,"2025","Actividades financieras y de seguros","K - Finance and insurance","K - Finanzas y seguros"
2025,"Actividades financieras y de seguros","2-3",11052.1767623917,13333.3890939521,0.0262720025511564,"2025","Actividades financieras y de seguros","K - Finance and insurance","K - Finanzas y seguros"
2025,"Actividades financieras y de seguros","4-5",9673.13343693005,10751.4391752789,0.0229938944875967,"2025","Actividades financieras y de seguros","K - Finance and insurance","K - Finanzas y seguros"
2025,"Actividades financieras y de seguros","6-10",12406.418721089,28075.0640589626,0.0294911555703919,"2025","Actividades financieras y de seguros","K - Finance and insurance","K - Finanzas y seguros"
2025,"Actividades financieras y de seguros","11-19",11478.4326482231,36526.548030484,0.0272852505258102,"2025","Actividades financieras y de seguros","K - Finance and insurance","K - Finanzas y seguros"
2025,"Actividades financieras y de seguros","20-30",9642.76074197895,15298.1095882942,0.0229216959029743,"2025","Actividades financieras y de seguros","K - Finance and insurance","K - Finanzas y seguros"
2025,"Actividades financieras y de seguros","31-50",11987.0338769658,19450.338424056,0.0284942406701333,"2025","Actividades financieras y de seguros","K - Finance and insurance","K - Finanzas y seguros"
2025,"Actividades financieras y de seguros","51-100",18978.420477249,18380.9736511181,0.0451133855270793,"2025","Actividades financieras y de seguros","K - Finance and insurance","K - Finanzas y seguros"
2025,"Actividades financieras y de seguros","101+",314511.239586109,21978.8628823616,0.747621058404563,"2025","Actividades financieras y de seguros","K - Finance and insurance","K - Finanzas y seguros"
2025,"Administración pública y defensa","Solo",2932.56142450013,12421.4733207642,0.00365406966804581,"2025","Administración pública y defensa","O - Public administration","O - Administracion publica"
2025,"Administración pública y defensa","2-3",1941.05941490791,9221.32559594886,0.00241862498518637,"2025","Administración pública y defensa","O - Public administration","O - Administracion publica"
2025,"Administración pública y defensa","4-5",1368.91059509475,10296.1309522406,0.00170570840972407,"2025","Administración pública y defensa","O - Public administration","O - Administracion publica"
2025,"Administración pública y defensa","6-10",3923.31398118095,12563.9614652727,0.0048885805074985,"2025","Administración pública y defensa","O - Public administration","O - Administracion publica"
2025,"Administración pública y defensa","11-19",6155.10515661914,18660.2060363505,0.00766946699514336,"2025","Administración pública y defensa","O - Public administration","O - Administracion publica"
2025,"Administración pública y defensa","20-30",10279.1123957477,15374.8150846891,0.0128081180178989,"2025","Administración pública y defensa","O - Public administration","O - Administracion publica"
2025,"Administración pública y defensa","31-50",15663.5936282341,15219.1648610566,0.0195173618159702,"2025","Administración pública y defensa","O - Public administration","O - Administracion publica"
2025,"Administración pública y defensa","51-100",32319.6158984885,15460.1681309285,0.0402713229298133,"2025","Administración pública y defensa","O - Public administration","O - Administracion publica"
2025,"Administración pública y defensa","101+",727963.3921583,22161.3834035363,0.90706674667072,"2025","Administración pública y defensa","O - Public administration","O - Administracion publica"
2025,"Agricultura, ganadería, silvicultura y pesca","Solo",1521570.77988493,4738.38598417529,0.489837057618682,"2025","Agricultura, ganadería, silvicultura y pesca","A - Agriculture","A - Agro y pesca"
2025,"Agricultura, ganadería, silvicultura y pesca","2-3",695277.139018395,6277.04557569291,0.223829553319933,"2025","Agricultura, ganadería, silvicultura y pesca","A - Agriculture","A - Agro y pesca"
2025,"Agricultura, ganadería, silvicultura y pesca","4-5",295919.399116804,7032.57730951686,0.0952648997154282,"2025","Agricultura, ganadería, silvicultura y pesca","A - Agriculture","A - Agro y pesca"
2025,"Agricultura, ganadería, silvicultura y pesca","6-10",156040.122220092,7908.13750965291,0.0502337685168545,"2025","Agricultura, ganadería, silvicultura y pesca","A - Agriculture","A - Agro y pesca"
2025,"Agricultura, ganadería, silvicultura y pesca","11-19",67603.8958338781,7902.32551143829,0.0217636233927488,"2025","Agricultura, ganadería, silvicultura y pesca","A - Agriculture","A - Agro y pesca"
2025,"Agricultura, ganadería, silvicultura y pesca","20-30",40304.0060812955,8077.71430749136,0.0129750097794335,"2025","Agricultura, ganadería, silvicultura y pesca","A - Agriculture","A - Agro y pesca"
2025,"Agricultura, ganadería, silvicultura y pesca","31-50",30353.4681415003,9071.36915708325,0.00977164764170835,"2025","Agricultura, ganadería, silvicultura y pesca","A - Agriculture","A - Agro y pesca"
2025,"Agricultura, ganadería, silvicultura y pesca","51-100",39237.5430079025,9558.73083525274,0.0126316848806935,"2025","Agricultura, ganadería, silvicultura y pesca","A - Agriculture","A - Agro y pesca"
2025,"Agricultura, ganadería, silvicultura y pesca","101+",259973.084355492,9040.28396877478,0.0836927551345183,"2025","Agricultura, ganadería, silvicultura y pesca","A - Agriculture","A - Agro y pesca"
2025,"Alojamiento y servicios de comida","Solo",430236.069616931,4535.04280162138,0.250650776599046,"2025","Alojamiento y servicios de comida","I - Accommodation and food","I - Alojamiento y comida"
2025,"Alojamiento y servicios de comida","2-3",404131.51946312,6464.18843688633,0.235442554344117,"2025","Alojamiento y servicios de comida","I - Accommodation and food","I - Alojamiento y comida"
2025,"Alojamiento y servicios de comida","4-5",301197.078962778,6977.52535444782,0.17547408755989,"2025","Alojamiento y servicios de comida","I - Accommodation and food","I - Alojamiento y comida"
2025,"Alojamiento y servicios de comida","6-10",241423.264694153,7543.053386354,0.140650524347122,"2025","Alojamiento y servicios de comida","I - Accommodation and food","I - Alojamiento y comida"
2025,"Alojamiento y servicios de comida","11-19",111928.136742911,9066.19717522305,0.065208094762659,"2025","Alojamiento y servicios de comida","I - Accommodation and food","I - Alojamiento y comida"
2025,"Alojamiento y servicios de comida","20-30",58521.7830775648,8909.29565601585,0.0340941436858442,"2025","Alojamiento y servicios de comida","I - Accommodation and food","I - Alojamiento y comida"
2025,"Alojamiento y servicios de comida","31-50",35292.928472886,10669.0201834268,0.0205612698583358,"2025","Alojamiento y servicios de comida","I - Accommodation and food","I - Alojamiento y comida"
2025,"Alojamiento y servicios de comida","51-100",27903.6131459169,12127.5292001269,0.0162563364600526,"2025","Alojamiento y servicios de comida","I - Accommodation and food","I - Alojamiento y comida"
2025,"Alojamiento y servicios de comida","101+",105841.714354452,10943.1774506227,0.0616622123829333,"2025","Alojamiento y servicios de comida","I - Accommodation and food","I - Alojamiento y comida"
2025,"Artes, recreación y otros servicios","Solo",669083.869068966,7030.75862913559,0.55026715103267,"2025","Artes, recreación y otros servicios","R/S - Arts and other services","R/S - Arte y otros servicios"
2025,"Artes, recreación y otros servicios","2-3",133911.45613445,7180.71293791304,0.110131298726834,"2025","Artes, recreación y otros servicios","R/S - Arts and other services","R/S - Arte y otros servicios"
2025,"Artes, recreación y otros servicios","4-5",76925.0704018184,7768.79996423868,0.0632646238981934,"2025","Artes, recreación y otros servicios","R/S - Arts and other services","R/S - Arte y otros servicios"
2025,"Artes, recreación y otros servicios","6-10",57467.4667170529,9979.93128933764,0.0472623248733531,"2025","Artes, recreación y otros servicios","R/S - Arts and other services","R/S - Arte y otros servicios"
2025,"Artes, recreación y otros servicios","11-19",42174.5285997415,13024.951929885,0.0346851250965274,"2025","Artes, recreación y otros servicios","R/S - Arts and other services","R/S - Arte y otros servicios"
2025,"Artes, recreación y otros servicios","20-30",31425.3247270948,10315.8656800221,0.0258447777734013,"2025","Artes, recreación y otros servicios","R/S - Arts and other services","R/S - Arte y otros servicios"
2025,"Artes, recreación y otros servicios","31-50",23948.2276956329,16926.8222448038,0.019695472623925,"2025","Artes, recreación y otros servicios","R/S - Arts and other services","R/S - Arte y otros servicios"
2025,"Artes, recreación y otros servicios","51-100",25888.6738383554,14865.6199235448,0.0212913320072547,"2025","Artes, recreación y otros servicios","R/S - Arts and other services","R/S - Arte y otros servicios"
2025,"Artes, recreación y otros servicios","101+",155100.897929531,13909.071704146,0.127557893967841,"2025","Artes, recreación y otros servicios","R/S - Arts and other services","R/S - Arte y otros servicios"
2025,"Comercio y reparación","Solo",1299884.24697306,6231.08113848678,0.338233843357915,"2025","Comercio y reparación","G - Commerce","G - Comercio"
2025,"Comercio y reparación","2-3",824181.940044913,7441.02934265424,0.214454653063698,"2025","Comercio y reparación","G - Commerce","G - Comercio"
2025,"Comercio y reparación","4-5",375545.860478772,8394.61280021853,0.0977181776321068,"2025","Comercio y reparación","G - Commerce","G - Comercio"
2025,"Comercio y reparación","6-10",266512.452904105,9774.05575511988,0.0693473526265213,"2025","Comercio y reparación","G - Commerce","G - Comercio"
2025,"Comercio y reparación","11-19",170842.599271024,10874.4974400776,0.0444537650912021,"2025","Comercio y reparación","G - Commerce","G - Comercio"
2025,"Comercio y reparación","20-30",133678.14166166,9603.59360390441,0.0347834599368788,"2025","Comercio y reparación","G - Commerce","G - Comercio"
2025,"Comercio y reparación","31-50",99581.3108287935,10597.5252215855,0.0259113606205124,"2025","Comercio y reparación","G - Commerce","G - Comercio"
2025,"Comercio y reparación","51-100",98578.5127931756,13416.2579008558,0.0256504295149246,"2025","Comercio y reparación","G - Commerce","G - Comercio"
2025,"Comercio y reparación","101+",574347.453633641,12694.8711817248,0.14944695815624,"2025","Comercio y reparación","G - Commerce","G - Comercio"
2025,"Construcción","Solo",507492.659888204,6647.18591489803,0.324361397450609,"2025","Construcción","F - Construction","F - Construccion"
2025,"Construcción","2-3",369641.33216787,6415.66513733873,0.23625441022908,"2025","Construcción","F - Construction","F - Construccion"
2025,"Construcción","4-5",143997.172812025,7577.41120333563,0.0920350733989614,"2025","Construcción","F - Construction","F - Construccion"
2025,"Construcción","6-10",77538.7345901009,8884.28882687556,0.0495584947252979,"2025","Construcción","F - Construction","F - Construccion"
2025,"Construcción","11-19",57773.1517363702,11772.8433389466,0.0369254212198127,"2025","Construcción","F - Construction","F - Construccion"
2025,"Construcción","20-30",58152.7798434665,10960.0889389684,0.0371680586273299,"2025","Construcción","F - Construction","F - Construccion"
2025,"Construcción","31-50",61900.0010063954,11111.9167704003,0.0395630763074514,"2025","Construcción","F - Construction","F - Construccion"
2025,"Construcción","51-100",65055.0859244879,11300.2201976823,0.0415796330657959,"2025","Construcción","F - Construction","F - Construccion"
2025,"Construcción","101+",223039.270250015,12942.7277894572,0.142554434975662,"2025","Construcción","F - Construction","F - Construccion"
2025,"Educación","Solo",70291.8824331999,11786.5506395468,0.0735001838960767,"2025","Educación","P - Education","P - Educacion"
2025,"Educación","2-3",14535.6661714155,11553.8022042836,0.0151991111870751,"2025","Educación","P - Education","P - Educacion"
2025,"Educación","4-5",10847.6368748799,11684.1843784781,0.0113427507920169,"2025","Educación","P - Education","P - Educacion"
2025,"Educación","6-10",35724.2831677636,11058.3168035262,0.0373548309064201,"2025","Educación","P - Education","P - Educacion"
2025,"Educación","11-19",42956.2782679952,12043.2177075495,0.0449169127770784,"2025","Educación","P - Education","P - Educacion"
2025,"Educación","20-30",55501.3548000311,11942.08870432,0.0580345787176834,"2025","Educación","P - Education","P - Educacion"
2025,"Educación","31-50",57987.1507151862,15130.6490130796,0.0606338327220935,"2025","Educación","P - Education","P - Educacion"
2025,"Educación","51-100",82425.0785831792,16247.8998224469,0.086187170179566,"2025","Educación","P - Education","P - Educacion"
2025,"Educación","101+",586080.418159588,24217.2194223756,0.61283062882199,"2025","Educación","P - Education","P - Educacion"
2025,"Electricidad, gas, agua y saneamiento","Solo",78825.2346756879,3580.4230908918,0.259683184543226,"2025","Electricidad, gas, agua y saneamiento","D/E - Utilities and water","D/E - Servicios publicos y agua"
2025,"Electricidad, gas, agua y saneamiento","2-3",10901.6490737383,5606.11406466267,0.0359145768469779,"2025","Electricidad, gas, agua y saneamiento","D/E - Utilities and water","D/E - Servicios publicos y agua"
2025,"Electricidad, gas, agua y saneamiento","4-5",6524.59271638813,6743.46773970308,0.0214947284509866,"2025","Electricidad, gas, agua y saneamiento","D/E - Utilities and water","D/E - Servicios publicos y agua"
2025,"Electricidad, gas, agua y saneamiento","6-10",8924.21473940276,9030.69348176444,0.0294000837753354,"2025","Electricidad, gas, agua y saneamiento","D/E - Utilities and water","D/E - Servicios publicos y agua"
2025,"Electricidad, gas, agua y saneamiento","11-19",5492.59463682391,8899.84792917846,0.0180948965463137,"2025","Electricidad, gas, agua y saneamiento","D/E - Utilities and water","D/E - Servicios publicos y agua"
2025,"Electricidad, gas, agua y saneamiento","20-30",7789.85181423944,10828.8402304531,0.0256630193942885,"2025","Electricidad, gas, agua y saneamiento","D/E - Utilities and water","D/E - Servicios publicos y agua"
2025,"Electricidad, gas, agua y saneamiento","31-50",9976.52930980911,9458.51101979689,0.0328668466706021,"2025","Electricidad, gas, agua y saneamiento","D/E - Utilities and water","D/E - Servicios publicos y agua"
2025,"Electricidad, gas, agua y saneamiento","51-100",14087.2969587588,13067.3781994756,0.0464094290477881,"2025","Electricidad, gas, agua y saneamiento","D/E - Utilities and water","D/E - Servicios publicos y agua"
2025,"Electricidad, gas, agua y saneamiento","101+",161021.890153878,15830.3205852859,0.530473234724482,"2025","Electricidad, gas, agua y saneamiento","D/E - Utilities and water","D/E - Servicios publicos y agua"
2025,"Hogares como empleadores","Solo",601943.79085047,6321.24540776997,0.864730640457582,"2025","Hogares como empleadores","T - Household employers","T - Hogares empleadores"
2025,"Hogares como empleadores","2-3",89356.9821067655,7234.2406449231,0.128367002934556,"2025","Hogares como empleadores","T - Household employers","T - Hogares empleadores"
2025,"Hogares como empleadores","4-5",4672.78082367447,8309.48674438296,0.00671274762825437,"2025","Hogares como empleadores","T - Household employers","T - Hogares empleadores"
2025,"Hogares como empleadores","20-30",19.9529902015218,2564.10256410256,0.0000286637427917117,"2025","Hogares como empleadores","T - Household employers","T - Hogares empleadores"
2025,"Hogares como empleadores","51-100",28.1130828450839,7287.35609336079,0.0000403862362289993,"2025","Hogares como empleadores","T - Household employers","T - Hogares empleadores"
2025,"Hogares como empleadores","101+",83.9217884036053,26933.8419964141,0.000120559000587187,"2025","Hogares como empleadores","T - Household employers","T - Hogares empleadores"
2025,"Industrias manufactureras","Solo",527495.264023951,5151.67539521395,0.213149489727533,"2025","Industrias manufactureras","C - Manufacturing","C - Manufactura"
2025,"Industrias manufactureras","2-3",244023.763100897,7020.58765935598,0.0986047536987686,"2025","Industrias manufactureras","C - Manufacturing","C - Manufactura"
2025,"Industrias manufactureras","4-5",184405.697659316,8512.07517305931,0.0745143758430946,"2025","Industrias manufactureras","C - Manufacturing","C - Manufactura"
2025,"Industrias manufactureras","6-10",201137.363132864,8784.72083644827,0.0812752819615171,"2025","Industrias manufactureras","C - Manufacturing","C - Manufactura"
2025,"Industrias manufactureras","11-19",143556.245147124,8983.12058319674,0.0580079907578484,"2025","Industrias manufactureras","C - Manufacturing","C - Manufactura"
2025,"Industrias manufactureras","20-30",117446.123265398,9354.41004306112,0.0474574521362145,"2025","Industrias manufactureras","C - Manufacturing","C - Manufactura"
2025,"Industrias manufactureras","31-50",111373.645045776,10522.2498270569,0.0450036943071486,"2025","Industrias manufactureras","C - Manufacturing","C - Manufactura"
2025,"Industrias manufactureras","51-100",135504.974981316,10601.3086353241,0.0547546456672989,"2025","Industrias manufactureras","C - Manufacturing","C - Manufactura"
2025,"Industrias manufactureras","101+",809823.645807425,13548.3246450234,0.327232315900576,"2025","Industrias manufactureras","C - Manufacturing","C - Manufactura"
2025,"Información y comunicaciones","Solo",42555.135960203,22038.2454885179,0.107878200765419,"2025","Información y comunicaciones","J - Information and communication","J - Informacion y comunicaciones"
2025,"Información y comunicaciones","2-3",8961.79477113108,9784.54749693751,0.0227183458288721,"2025","Información y comunicaciones","J - Information and communication","J - Informacion y comunicaciones"
2025,"Información y comunicaciones","4-5",10017.2910504246,18412.8037855699,0.0253940519911379,"2025","Información y comunicaciones","J - Information and communication","J - Informacion y comunicaciones"
2025,"Información y comunicaciones","6-10",13513.8281056192,13690.8716125632,0.0342578499302814,"2025","Información y comunicaciones","J - Information and communication","J - Informacion y comunicaciones"
2025,"Información y comunicaciones","11-19",21750.4444492297,23780.8357620604,0.055137852578486,"2025","Información y comunicaciones","J - Information and communication","J - Informacion y comunicaciones"
2025,"Información y comunicaciones","20-30",21025.2088761646,16144.931009604,0.0532993645326128,"2025","Información y comunicaciones","J - Information and communication","J - Informacion y comunicaciones"
2025,"Información y comunicaciones","31-50",24631.4113297156,19299.5623843959,0.0624411666560682,"2025","Información y comunicaciones","J - Information and communication","J - Informacion y comunicaciones"
2025,"Información y comunicaciones","51-100",25602.7925069512,24435.1776836674,0.0649036391941791,"2025","Información y comunicaciones","J - Information and communication","J - Informacion y comunicaciones"
2025,"Información y comunicaciones","101+",226416.005736139,23352.2969662283,0.573969528522943,"2025","Información y comunicaciones","J - Information and communication","J - Informacion y comunicaciones"
2025,"Inmobiliarias, profesionales y administrativas","Solo",792515.234616279,11075.0168408779,0.390914234724876,"2025","Inmobiliarias, profesionales y administrativas","L/M/N - Business services","L/M/N - Servicios empresariales"
2025,"Inmobiliarias, profesionales y administrativas","2-3",110335.750888309,14106.2499147868,0.0544239577201081,"2025","Inmobiliarias, profesionales y administrativas","L/M/N - Business services","L/M/N - Servicios empresariales"
2025,"Inmobiliarias, profesionales y administrativas","4-5",86435.3901993374,13777.7880915933,0.0426349209921245,"2025","Inmobiliarias, profesionales y administrativas","L/M/N - Business services","L/M/N - Servicios empresariales"
2025,"Inmobiliarias, profesionales y administrativas","6-10",141737.680393414,13985.8038851883,0.0699132009613642,"2025","Inmobiliarias, profesionales y administrativas","L/M/N - Business services","L/M/N - Servicios empresariales"
2025,"Inmobiliarias, profesionales y administrativas","11-19",96367.5344531932,15423.6252447842,0.0475340275336574,"2025","Inmobiliarias, profesionales y administrativas","L/M/N - Business services","L/M/N - Servicios empresariales"
2025,"Inmobiliarias, profesionales y administrativas","20-30",96719.7292070265,16255.4887601545,0.0477077503047225,"2025","Inmobiliarias, profesionales y administrativas","L/M/N - Business services","L/M/N - Servicios empresariales"
2025,"Inmobiliarias, profesionales y administrativas","31-50",88687.9522223511,15699.4250768784,0.0437460145344752,"2025","Inmobiliarias, profesionales y administrativas","L/M/N - Business services","L/M/N - Servicios empresariales"
2025,"Inmobiliarias, profesionales y administrativas","51-100",83820.0338590974,13143.0967181969,0.0413448763625436,"2025","Inmobiliarias, profesionales y administrativas","L/M/N - Business services","L/M/N - Servicios empresariales"
2025,"Inmobiliarias, profesionales y administrativas","101+",530718.570905358,15502.2084244015,0.261781016866129,"2025","Inmobiliarias, profesionales y administrativas","L/M/N - Business services","L/M/N - Servicios empresariales"
2025,"Minas y canteras","Solo",99917.7173432254,5747.67908502812,0.333930633960667,"2025","Minas y canteras","B - Mining","B - Minas"
2025,"Minas y canteras","2-3",16371.417016177,6301.9020688034,0.0547141969253273,"2025","Minas y canteras","B - Mining","B - Minas"
2025,"Minas y canteras","4-5",13202.3530232892,7541.1893813008,0.0441230067305817,"2025","Minas y canteras","B - Mining","B - Minas"
2025,"Minas y canteras","6-10",22925.1299109259,7175.98839731526,0.076617074212066,"2025","Minas y canteras","B - Mining","B - Minas"
2025,"Minas y canteras","11-19",27913.1471911476,8154.08744157082,0.0932873086497637,"2025","Minas y canteras","B - Mining","B - Minas"
2025,"Minas y canteras","20-30",14326.7444219359,12322.8214018895,0.0478807860569472,"2025","Minas y canteras","B - Mining","B - Minas"
2025,"Minas y canteras","31-50",12528.0878148914,11033.84979308,0.041869574461663,"2025","Minas y canteras","B - Mining","B - Minas"
2025,"Minas y canteras","51-100",13069.4873168109,9625.33745238323,0.0436789620628723,"2025","Minas y canteras","B - Mining","B - Minas"
2025,"Minas y canteras","101+",78962.9005135278,22968.5261736393,0.263898456940112,"2025","Minas y canteras","B - Mining","B - Minas"
2025,"Organizaciones extraterritoriales","11-19",526.836960167877,98588.1770102149,0.0567036157234224,"2025","Organizaciones extraterritoriales","U - Extraterritorial orgs.","U - Org. extraterritoriales"
2025,"Organizaciones extraterritoriales","20-30",359.719551410723,46153.8461538462,0.0387167202636958,"2025","Organizaciones extraterritoriales","U - Extraterritorial orgs.","U - Org. extraterritoriales"
2025,"Organizaciones extraterritoriales","31-50",350.858525789966,16055.446995506,0.0377630054909989,"2025","Organizaciones extraterritoriales","U - Extraterritorial orgs.","U - Org. extraterritoriales"
2025,"Organizaciones extraterritoriales","51-100",471.322374417614,12464.1568972825,0.0507285646631762,"2025","Organizaciones extraterritoriales","U - Extraterritorial orgs.","U - Org. extraterritoriales"
2025,"Organizaciones extraterritoriales","101+",7582.32724866824,42222.8050856219,0.816088093858707,"2025","Organizaciones extraterritoriales","U - Extraterritorial orgs.","U - Org. extraterritoriales"
2025,"Salud y asistencia social","Solo",108459.956700026,12078.9437655171,0.108449158762721,"2025","Salud y asistencia social","Q - Health","Q - Salud"
2025,"Salud y asistencia social","2-3",34346.9276554806,15591.7950859888,0.0343435081817621,"2025","Salud y asistencia social","Q - Health","Q - Salud"
2025,"Salud y asistencia social","4-5",24467.3985160092,11499.982260138,0.0244649626176074,"2025","Salud y asistencia social","Q - Health","Q - Salud"
2025,"Salud y asistencia social","6-10",31369.4328982208,12528.4186329162,0.0313663098546567,"2025","Salud y asistencia social","Q - Health","Q - Salud"
2025,"Salud y asistencia social","11-19",33401.1167302625,14292.0335297002,0.0333977914185498,"2025","Salud y asistencia social","Q - Health","Q - Salud"
2025,"Salud y asistencia social","20-30",46628.7174084552,12723.023858869,0.0466240751977951,"2025","Salud y asistencia social","Q - Health","Q - Salud"
2025,"Salud y asistencia social","31-50",53877.4461218133,12623.3461752027,0.0538720822501773,"2025","Salud y asistencia social","Q - Health","Q - Salud"
2025,"Salud y asistencia social","51-100",70395.3938613107,14744.7408971574,0.0703883855139666,"2025","Salud y asistencia social","Q - Health","Q - Salud"
2025,"Salud y asistencia social","101+",597153.176923215,15994.7328260756,0.597093726202764,"2025","Salud y asistencia social","Q - Health","Q - Salud"
2025,"Transporte y almacenamiento","Solo",1054610.39736431,5885.79341978076,0.598398568693536,"2025","Transporte y almacenamiento","H - Transport","H - Transporte"
2025,"Transporte y almacenamiento","2-3",139179.728307801,7404.6688797424,0.0789722445546618,"2025","Transporte y almacenamiento","H - Transport","H - Transporte"
2025,"Transporte y almacenamiento","4-5",38468.4456461023,9732.81156816127,0.0218274567290662,"2025","Transporte y almacenamiento","H - Transport","H - Transporte"
2025,"Transporte y almacenamiento","6-10",35361.3069444665,9400.60646375858,0.020064429020978,"2025","Transporte y almacenamiento","H - Transport","H - Transporte"
2025,"Transporte y almacenamiento","11-19",34014.4402741217,11194.519711145,0.0193002007431518,"2025","Transporte y almacenamiento","H - Transport","H - Transporte"
2025,"Transporte y almacenamiento","20-30",38774.1741353909,9112.35462221513,0.0220009307350653,"2025","Transporte y almacenamiento","H - Transport","H - Transporte"
2025,"Transporte y almacenamiento","31-50",41011.9343571122,10542.1151044112,0.0232706626826205,"2025","Transporte y almacenamiento","H - Transport","H - Transporte"
2025,"Transporte y almacenamiento","51-100",55000.2010527264,10147.9476449295,0.0312077727187806,"2025","Transporte y almacenamiento","H - Transport","H - Transporte"
2025,"Transporte y almacenamiento","101+",325967.272789465,12373.9535635627,0.184957734122139,"2025","Transporte y almacenamiento","H - Transport","H - Transporte"
